CATEGORY,SUBCATEGORY,AGE,TIMEALLOWED,REGION,QUESTION,ANSWER1,ANSWER2,ANSWER3,ANSWER4,HINT,CORRECTANSWER,IMAGEURL,VIDEOURL,SOUNDURL,FILETYPE,questionMasterId ,status,creditBy,questionActiveStatus,questionState
PUB QUIZ,NONE,ADULT,30,United Kingdom,Which of these tennis players has not won Wimbledon?,Goran Ivanisevic,Rafael Nadal,Pete Sampras,Andy Roddick,(NULL),D,oSlKs1629921655630.jpg,,,1,119287,0,,1,1
BACK TO SCHOOL,NONE,"TEEN,ADULT",30,United Kingdom,"Franklin D. Roosevelt, photographed here, was famous for his radio broadcasts to the American public. What were these broadcasts called?",Oval talks,Resolute news,Whitehouse broadcasts,Fireside chats,(NULL),D,QeLli1621791967384.jpg,(NULL),(NULL),1,121272,0,(NULL),1,1
QUICK THINKING,NONE,"TEEN,ADULT",60,United Kingdom,"The clownfish needs to exit at the red arrow on the right. They can only move to circles in exact ascending numerical order, three spaces at a time (as demonstrated with the first 3).  How many total moves are needed to navigate the maze ?",11,9,10,12,,C,osQPF1626965020906.jpg,,,1,121296,0,,0,1
QUICK THINKING,NONE,"TEEN,ADULT",20,United Kingdom,Which score would you not find on the way to a 147 maximum break?,140,129,127,125,"If you work backwards, it would be 140 with only the black left, 134 with the pink & black left, 129 with blue, pink & black left and finally 125 with brown, blue, pink and black left! You would not be able to make a maximum on 127!",C,5HeV31633595819038.jpg,,,1,121316,0,,1,1
"TV, FILM AND BOOKS",NONE,ADULT,30,United Kingdom,What were the first cinemas in the USA (circa1900) called?,Electric Theatres,Nickelodeons,Vitascope Theatres,Storefront Theatres,,B,,,,0,121334,0,,0,1
BREAKING NEWS,NONE,ADULT,30,United Kingdom,"Friends' actor, James Michael Tyler, passed away in late October. Which character did he play in the series?",Gunther,Fun Bobby,Paolo,Dr. Leonard Greene,,A,botvO1635439120786.jpg,,,1,142634,0,,1,1
BREAKING NEWS,NONE,"TEEN,ADULT",30,United Kingdom,"Eleven Pablo Picasso artworks that have been on display for more than two decades sold at auction for nearly Dollar 110m (pound80m), in which city?",London,Las Vegas,Lisbon,Los Angeles,,B,99aOf1635439103772.jpg,,,1,142638,0,,1,1
BREAKING NEWS,NONE,"TEEN,ADULT",30,United Kingdom,"Which country's military, led by General Abdel Fattah al-Burhan, seized power from their transitional government in late October?",Ethiopia,Eritrea,Sudan,Chad,(NULL),C,dc1QA1635439086388.jpg,,,1,142646,0,,1,1
BREAKING NEWS,NONE,"TEEN,ADULT",30,United Kingdom,"A pair of whose trainers, used during his first season with the Chicago Bulls in 1984, were sold for a record 1.47m USD (1.1m GBP) at auction recently?",Kobe Bryant,Dennis Rodman,LeBron James,Michael Jordan,,D,3XbPU1635439060151.jpg,,,1,142654,0,,1,1
BREAKING NEWS,NONE,"TEEN,ADULT",30,United Kingdom,"In Rishi Sunak's budget announcement, how much is departmental spending set to increase by over this parliament?",pound150 billion,pound50 billion,pound250 billion,pound550 billion,,A,KfKTs1635439038867.jpg,,,1,142662,0,,1,1
BREAKING NEWS,NONE,"JUNIOR,TEEN,ADULT",30,United Kingdom,Which company launched a feature that lets minors under 18 request images of themselves be taken down from search?,Facebook (Instagram),Google,Twitter,LinkedIn,(NULL),B,wclsJ1635439015788.jpg,,,1,142664,0,,1,1
BREAKING NEWS,NONE,"TEEN,ADULT",30,United Kingdom,"Europe's top court has ordered which EU member to pay a penalty of 1 million euros per day, until it complies with a European court order ?",Slovenia,Slovakia,Poland,Croatia,(NULL),C,TsmTf1635438996881.jpg,,,1,142676,0,,1,1
BREAKING NEWS,NONE,"TEEN,ADULT",30,United Kingdom,"Which American comedian was on the receiving end of criticism from the transgender community, due to his latest Netflix special?",Louis C. K.,Aziz Ansari,Bill Burr,Dave Chappelle,,D,Hkcuh1635438959600.jpg,,,1,142684,0,,1,1
BREAKING NEWS,NONE,"TEEN,ADULT",30,United Kingdom,"Chief Secretary to the Treasury, Simon Clarke, revealed he lives with which phobia, that results in him being uncomfortable in some open spaces?",Agoraphobia,Arachnophobia,Androphobia,Acrophobia,(NULL),A,kS18r1635438938547.jpg,,,1,142692,0,,1,1
BREAKING NEWS,NONE,ADULT,30,United Kingdom,"Princess Mako, from which country, recently married a 'commoner', relinquishing her royal title?",South Korea,Japan,Taiwan,Vietnam,(NULL),B,,,,0,142694,0,,1,1
BREAKING NEWS,NONE,"JUNIOR,TEEN,ADULT",30,United Kingdom,Which Spanish train operator plans to rival Eurostar by launching a high-speed London to Paris service through the Channel Tunnel?,Deutch Bahn,FlixTrain,Renfe,SNCF,(NULL),C,hi9NS1635438916985.jpg,,,1,142698,0,,1,1
BREAKING NEWS,NONE,"TEEN,ADULT",30,United Kingdom,"Which climate activists have been protesting for two months targeting rush-hour motorists, in their efforts to draw attention to the urgency of climate change?",The Climate Coalition,Friends of the Earth,Extinction Rebellion,Insulate Britain,,D,11IgU1635438901502.jpg,,,1,142701,0,,1,1
BREAKING NEWS,NONE,"TEEN,ADULT",30,United Kingdom,The 2021 United Nations Climate Change Conference was held in Glasgow this year. What's it known as?,COP26,UNCCC,CCC2021,GCG21,(NULL),A,6uR8W1635438888774.jpg,,,1,142703,0,,1,1
BREAKING NEWS,NONE,ADULT,30,United Kingdom,"Cinematographer, Halyna Hutchins, was accidentally killed when a prop gun was fired with live ammunition, during the filming of what?",Deadwood,Rust,El Dorado,Fractured,(NULL),B,WoJVB1635438869944.jpg,,,1,142711,0,,1,1
BREAKING NEWS,NONE,"TEEN,ADULT",30,United Kingdom,Which 42-year-old ex-footballer recently sustained a collapsed lung during an appearance on 'Celebrity SAS'?,Ryan Giggs,Teddy Sheringham,Kieron Dyer,Stuart Pearce,(NULL),C,9EIWP1635438853298.jpg,,,1,142715,0,,1,1
BREAKING NEWS,NONE,ADULT,30,United Kingdom,"Harvey Weinstein was recently accused by which film's producer, of pulling the film from theatres early, to cut Robin Williams' share of the profits?",Chasing Amy,Field of Dreams,Dead Poets Society,Good Will Hunting,,D,MzJK51635438835723.jpg,,,1,142717,0,,1,1
BREAKING NEWS,NONE,"TEEN,ADULT",30,United Kingdom,"In which country did Emma Raducanu recently win her first WTA match, having won the US Open?",Romania,United States,China,Poland,,A,w0tuj1635438819297.jpg,,,1,142721,0,,1,1
BREAKING NEWS,NONE,"JUNIOR,TEEN,ADULT",30,United Kingdom,By what score did Liverpool beat Manchester United at Old Trafford in October?,01-May,May-00,01-Mar,Mar-00,(NULL),B,DjwG21635438806144.jpg,,,1,142729,0,,1,1
BREAKING NEWS,NONE,"TEEN,ADULT",30,United Kingdom,Tyson Fury beat Deontay Wilder in the 3rd fight between the two boxers. In what round did he knock his opponent out?,12th round,3rd round,11th round,9th round,(NULL),C,DHuoG1635438787461.jpg,,,1,142732,0,,1,1
BREAKING NEWS,NONE,ADULT,30,United Kingdom,Newcastle football club was recently purchased by which company?,Mohammed Bin Salman Group,Saudi Binladin Group,Saudi Aramco,Saudi Arabia's Public Investment Fund,,D,akMUD1635438771374.jpg,,,1,142740,0,,1,1
BREAKING NEWS,NONE,"TEEN,ADULT",30,United Kingdom,"Tyson Fury wore a suit covered in what images, surprising fans at wife Paris' book signing in Manchester?",His own face,Pizza slices,Deontay Wilder,Anthony Joshua,(NULL),A,KpRga1635438756707.jpg,,,1,142741,0,,1,1
BREAKING NEWS,NONE,"JUNIOR,TEEN,ADULT",30,United Kingdom,"Voiced by Chris Evans, a film based on the origins of which Toy Story character is due to hit the big screens in summer 2022?",Sheriff Woody,Buzz Lightyear,Hamm,Rex,(NULL),B,dhLVZ1635438743270.jpg,,,1,142743,0,,1,1
BREAKING NEWS,NONE,"TEEN,ADULT",30,United Kingdom,Which ex-Take That member is hoping for a Christmas No.1 having reunited with Sheridan Smith for a festive duet?,Robbie Williams,Jason Orange,Gary Barlow,Mark Owen,(NULL),C,Xvmmt1635438725711.jpg,,,1,142755,0,,1,1
BREAKING NEWS,NONE,ADULT,30,United Kingdom,"A Tipping Point contestant recently gave which answer to the question - ""In his poems, Homer often refers to nectar as the drink of gods and which other substances as their foods""?",Ambrosia,Fillet mignon,Lyonnaise potatoes,Doughnuts,,D,0Zvxb1635438695817.jpg,,,1,142757,0,,1,1
BREAKING NEWS,NONE,"TEEN,ADULT",30,United Kingdom,"Senators have voted to recommend charging President Bolsonaro over his handling of the Covid pandemic, in which country?",Brazil,Portugal,Columbia,Venezuela,(NULL),A,yI9r31635438683970.jpg,,,1,142758,0,,1,1
BREAKING NEWS,NONE,"TEEN,ADULT",30,United Kingdom,Lawyers for the US have told the High Court that the judge who blocked whose extradition was misled by his psychiatrist?,Edward Snowden,Julian Assange,Chelsea Manning,Daniel Assange,(NULL),B,Ep4cA1635438670417.jpg,,,1,142766,0,,1,1
BREAKING NEWS,NONE,"JUNIOR,TEEN,ADULT",30,United Kingdom,"England continued their perfect start at the Men's T20 World Cup with an eight-wicket thrashing of which country, seen here?",Pakistan,India,Bangladesh,Sri Lanka,(NULL),C,cp2bm1635438651731.jpg,,,1,142774,0,,1,1
BREAKING NEWS,NONE,"TEEN,ADULT",30,United Kingdom,"Which tech company recently paid Dollar 809.5m (pound588m) to its shareholders, settling a long-running lawsuit due to misleading investors over user engagement in 2015?",TikTok,Instagram,Facebook,Twitter,,D,mFXB11635438612855.jpg,,,1,142777,0,,1,1
BREAKING NEWS,NONE,"TEEN,ADULT",30,United Kingdom,Washington has revoked the US licence of one of China's biggest telecoms companies citing what concerns?,National security,Institutional racism,Monopolistic behaviour,Human rights infringements,(NULL),A,YJSt61635438598493.jpg,,,1,142785,0,,1,1
BREAKING NEWS,NONE,ADULT,30,United Kingdom,McDonald's workers walked out at restaurants in 12 US cities in protest at the fast food giant's handling of what?,Minimum wage violations,Sexual harassment claims,Changes to their menu,Gender inequality,(NULL),B,IAd8J1635438582063.jpg,,,1,142793,0,,1,1
BREAKING NEWS,NONE,ADULT,30,United Kingdom,"Which HBO TV series was renewed for a fourth season, only 2 episodes into its current and 3rd season?",The White Lotus,FBOY Island,Succession,Wahl Street,(NULL),C,vpuQU1635438558839.jpg,,,1,142797,0,,1,1
BREAKING NEWS,NONE,"TEEN,ADULT",30,United Kingdom,Josh Cavallo recently became the world's only current openly gay male top-flight professional footballer. Which club is he with?,Fotbal Club FCSB,Auckland City FC,Legia Warsaw,Adelaide United,,D,gcBVS1635438545802.jpg,,,1,142801,0,,1,1
BREAKING NEWS,NONE,"JUNIOR,TEEN,ADULT",30,United Kingdom,Where will the 2022 Winter Olympics be held?,Beijing,PyeongChang,Milan,Tokyo,(NULL),A,TA8HL1635438532883.jpg,,,1,142803,0,,1,1
BREAKING NEWS,NONE,"JUNIOR,TEEN,ADULT",30,United Kingdom,"Which London football club has been granted planning permission to increase matchday capacity to 62,500?",Chelsea,West Ham,Charlton Athletic,Crystal Palace,,B,lzcYA1635438518609.jpg,,,1,142815,0,,1,1
BREAKING NEWS,NONE,"JUNIOR,TEEN,ADULT",30,United Kingdom,"Which footballer sparked a backlash from the sport's pundits, having won September's Premiership Player of the Month?",Mohammed Salah,Michail Antonio,Cristiano Ronaldo,Jadon Sancho,(NULL),C,IaAsv1635438499186.jpg,,,1,142818,0,,1,1
BREAKING NEWS,NONE,"TEEN,ADULT",30,United Kingdom,Who wasn't on the podium after October's US Formula One Grand Prix?,Max Verstappen,Lewis Hamilton,Sergio Perez,Valtteri Bottas,,D,ZuB1C1635438486584.jpg,,,1,142821,0,,1,1
BREAKING NEWS,NONE,"TEEN,ADULT",30,United Kingdom,"Which broadcaster said: ""If we don't act now, it'll be too late."" ahead of the UN climate summit?",Sir David Attenborough,Greta Thunberg,David Suzuki,Sir Trevor McDonald,(NULL),A,bEZPJ1635438471346.jpg,,,1,142829,0,,1,1
BREAKING NEWS,NONE,"TEEN,ADULT",30,United Kingdom,"Which Californian-based company surpassed a market value of Dollar 1 trillion recently, making it the fifth such firm to reach the milestone?",Alphabet,Tesla,Microsoft,Facebook,,B,N7Nde1635438457448.jpg,,,1,142837,0,,1,1
BREAKING NEWS,NONE,"TEEN,ADULT",30,United Kingdom,"Ikea is buying the former flagship central London store of which retail chain, for Dollar 378m, following the collapse of the retail empire?",New Balance,Debenhams,Topshop,UNIQLO,,C,N3nzO1635438439375.jpg,,,1,142845,0,,1,1
BREAKING NEWS,NONE,"TEEN,ADULT",30,United Kingdom,"The UK agreed a free trade deal in October with which antipodean country, saying it will benefit consumers and businesses?",Norway,Australia,South Africa,New Zealand,,D,9prpN1635438421372.jpg,,,1,142847,0,,1,1
BREAKING NEWS,NONE,"TEEN,ADULT",30,United Kingdom,"Amazon is to offer one-off payments of up to how much, in order to attract staff in UK regions where there is high demand for labour?","pound3,000","pound1,500","pound6,000","pound12,000",,A,FtMS91635438403850.jpg,,,1,142849,0,,1,1
BREAKING NEWS,NONE,"TEEN,ADULT",30,United Kingdom,The spending limit on each use of a contactless card has now risen from pound45 to what amount?,pound65,pound100,pound99,pound200,,B,AOVe91635438386983.jpg,,,1,142851,0,,1,1
BREAKING NEWS,NONE,"TEEN,ADULT",30,United Kingdom,"Which pizza chain says it intends to hire more than 8,000 drivers in the UK and Ireland in the run-up to Christmas?",Papa John's,Zizzi,Domino's Pizza,Pizza Hut,(NULL),C,4xORf1635438373732.jpg,,,1,142853,0,,1,1
BREAKING NEWS,NONE,ADULT,30,United Kingdom,Which country's legislature passed a new law banning films deemed to violate China's national security interests?,Australia,Taiwan,India,Hong Kong,,D,HG1UV1635438353844.jpg,,,1,142855,0,,1,1
BREAKING NEWS,NONE,ADULT,30,United Kingdom,"A man pleaded guilty to stalking, by sending intimidating comments, to which former BBC Breakfast presenter and her adult daughter on Instagram?",Louise Minchin,Razia Iqbal,Naga Munchetty,Kasia Madera,(NULL),A,Id8wd1635438303043.jpg,,,1,142859,0,,1,1
BREAKING NEWS,NONE,"JUNIOR,TEEN,ADULT",30,United Kingdom,Google claims its latest smartphone can erase unwanted objects and people from photographs. Which model is it?,Versa 3,Pixel 6,Chromebook 5,Pixel A-series,(NULL),B,5l03K1635438287238.jpg,,,1,142860,0,,1,1
BREAKING NEWS,NONE,"JUNIOR,TEEN,ADULT",30,United Kingdom,TRUTH Social is a new social media platform launched by whom?,Jared Kushner,Steve Bannon,Donald Trump,Alex Jones,(NULL),C,2id7H1635438270331.jpg,,,1,142872,0,,1,1
BREAKING NEWS,NONE,"JUNIOR,TEEN,ADULT",30,United Kingdom,"Which supermarket chain opened its first checkout-free store in central London, where people can shop without having to scan a product?",Marks & Spencer,Waitrose & Partners,Sainsbury's,Tesco,,D,CCRcA1635438256179.jpg,,,1,142884,0,,1,1
BREAKING NEWS,NONE,"TEEN,ADULT",30,United Kingdom,"Which Netflix show was watched by 111 million users in its first 28 days, becoming Netflix's biggest ever series launch?",Squid Game,Bridgerton,Stranger Things,Lupin,(NULL),A,IG6tN1635438243626.jpg,,,1,142887,0,,1,1
BREAKING NEWS,NONE,ADULT,30,United Kingdom,"Which two US politicians did Meghan Markle write to recently, advocating for paid parental leave?",Joe & Jill Biden,Nancy Pelosi & Chuck Schumer,Kamala Harris and Kyrsten Sinema,Mitch McConnell and Kevin McCarthy,(NULL),B,Tu8b21635438224471.jpg,,,1,142895,0,,1,1
SOUND AND MUSIC,NONE,"JUNIOR,TEEN",35,United Kingdom,"The Black Eyed Peas want to do all, but which of the following?",Rock yo body,Party all night,Go for a ride,Dance in the lights,,B,,,ICU3D1636895375240.mp3,2,146492,0,,1,1
SOUND AND MUSIC,NONE,"JUNIOR,TEEN,ADULT",35,United Kingdom,Billie Eilish's guy is everything except what?,"""Just can't get enough guy""","""Chest always so puffed guy""","""Only likes ketchup guy""","""Like it really rough guy""",,C,,,ef63w1636903158919.mp3,2,146532,0,,1,1
SOUND AND MUSIC,NONE,ADULT,35,United Kingdom,What instrument does Marty McFly play in 'Back to the Future' with Marvin Berry and the Starlighters?,Electric guitar,Drums,Double bass,Saxophone,,A,,,GkUEs1636904038220.mp3,2,146536,0,,1,1
SOUND AND MUSIC,NONE,"TEEN,ADULT",35,United Kingdom,"In which country did Swedish DJ, Avicii, sadly pass away in 2018?",Sweden,Oman,Thailand,Singapore,,B,,,1FxJV1636904795049.mp3,2,146538,0,,1,1
SOUND AND MUSIC,NONE,ADULT,35,United Kingdom,What shoes does David Bowie want you to put on "and dance the blues"?,Blue,Suede,Red,Dancing,,C,,,m2MR11636906304726.mp3,2,146540,0,,1,1
SOUND AND MUSIC,NONE,ADULT,35,United Kingdom,Who is this singer's singing sister?,Natasha,Miley,Billie,Janet,,A,,,a1lm21636907908699.mp3,2,146552,0,,1,1
SOUND AND MUSIC,NONE,ADULT,35,United Kingdom,Stevie recorded all but which of these wonderful songs?,Master Blaster,The Dock of the Bay,Isn't She Lovely,Part-Time Lover,,B,,,m6y6y1636908625904.mp3,2,146564,0,,1,1
SOUND AND MUSIC,NONE,ADULT,35,United Kingdom,Who was the singer in this Australian pop duo?,Darren Hayes,Andy Bell,Dave Stewart,Richard Carpenter,,A,,,gO20m1636909543964.mp3,2,146573,0,,1,1
SOUND AND MUSIC,NONE,ADULT,35,United Kingdom,Who has their breath taken away along with Tom Cruise?,Elisabeth Shue,Kim Basinger,Heather Locklear,Kelly McGillis,,D,,,Qe2dX1636911986109.mp3,2,146577,0,,1,1
SOUND AND MUSIC,NONE,"TEEN,ADULT",35,United Kingdom,Who features on this track with The Weeknd?,Calvin Harris,Lana Del Rey,Daft Punk,Ariana Grande,,C,,,QRHBs1636915770945.mp3,2,146584,0,,1,1
SOUND AND MUSIC,NONE,"TEEN,ADULT",35,United Kingdom,All but which of the following are also hits of The Weeknd's?,Can't Feel My Face,God's Plan,I Feel It Coming,Save Your Tears,,B,,,CfMdV1636916573996.mp3,2,146586,0,,1,1
SOUND AND MUSIC,NONE,ADULT,35,United Kingdom,Which Guns N' Roses' song features this iconic guitar solo?,Don't Cry,Sweet Child O' Mine,November Rain,Patience,,C,,,282Hz1636918423658.mp3,2,146589,0,,1,1
SOUND AND MUSIC,NONE,"JUNIOR,TEEN,ADULT",35,United Kingdom,Which song does Ariana Grande's '7 Rings' sample from?,Edelweiss,My Favorite Things,The Sound of Music,Sixteen Going on Seventeen,"The sample is taken from the song, 'My Favorite Things', in the film, 'Sound of Music'!",B,,,V9JZk1636922308137.mp3,2,146598,0,,1,1
SOUND AND MUSIC,NONE,ADULT,35,United Kingdom,Who hasn't released a version of 'The Power of Love'?,Celine Dion,Pat Benatar,Jennifer Rush,Laura Branigan,,B,,,QAcbn1636924793714.mp3,2,146603,0,,1,1
SOUND AND MUSIC,NONE,"TEEN,ADULT",35,United Kingdom,Name the 'Attention' singer.,Charlie Puth,Shawn Mendes,Justin Bieber,Nick Jonas,,A,,,4Q0cS1636925808204.mp3,2,146606,0,,1,1
SOUND AND MUSIC,NONE,"TEEN,ADULT",35,United Kingdom,What's the next verse's first line?,"""And now I'm all up on ya""","""I know that dress is karma""","""You just want attention""","""You've been runnin' round""",,A,,,grGfm1636927858484.mp3,2,146608,0,,1,1
SOUND AND MUSIC,NONE,"TEEN,ADULT",35,United Kingdom,Where are this helmeted electronic duo from?,Canada,Germany,Sweden,France,,D,,,Yr6jC1636929387281.mp3,2,146613,0,,1,1
SOUND AND MUSIC,NONE,"JUNIOR,TEEN,ADULT",35,United Kingdom,What is Ed Sheeran in the 'Bad Habits' video?,Vampire,Zombie,Wizard,Ghost,,A,,,zeWlC1636930450778.mp3,2,146615,0,,1,1
SOUND AND MUSIC,NONE,ADULT,35,United Kingdom,What's the first line of this Eminem & Dr. Dre classic?,"""Who you think brought you the oldies""","""Y'all know me, still the same O.G.""","""Gave you a tape full of dope beats""","""Did y'all think I'mma let my dough freeze""",,B,,,JLjOq1636931265174.mp3,2,146621,0,,1,1
SOUND AND MUSIC,NONE,"JUNIOR,TEEN,ADULT",35,United Kingdom,What's the next lyric?!,"""I'm better on the other side""","""Aren't you the guy who tried to""","""Hurt me with the word ""goodbye""?""","""Though it took some time to""",,B,,,sBXYI1636931941221.mp3,2,146625,0,,1,1
SOUND AND MUSIC,NONE,ADULT,35,United Kingdom,Name the colourful band.,Simply Red,Deacon Blue,The Bluetones,Ocean Colour Scene,,B,,,kZGjy1636999438173.mp3,2,146691,0,,1,1
SOUND AND MUSIC,NONE,ADULT,35,United Kingdom,Name the 90s artist.,Nightcrawlers,Moloko,Baby D,La Bouche,,C,,,8SQo11637002520737.mp3,2,146699,0,,1,1
SOUND AND MUSIC,NONE,ADULT,35,United Kingdom,What album is this song from?,The Score,Ironic,Uninvited,Jagged Little Pill,,D,,,QvGer1637000930311.mp3,2,146702,0,,1,1
SOUND AND MUSIC,NONE,"TEEN,ADULT",35,United Kingdom,Which of the following is Ed not doing in the chorus?,Driving at 90,Singing to Tiny Dancer,Watching the sunset,Running from the law,"Ed's ""Running from the law"" in the following verse, not in the chorus!",D,,,UbIwA1637005458064.mp3,2,146724,0,,1,1
SOUND AND MUSIC,NONE,ADULT,35,United Kingdom,"Name the American band, fronted by Amy Lee.",Evanescence,Within Temptation,Paramore,Linkin Park,Evanescence - My Immortal,A,,,0pddu1637008196681.mp3,2,146732,0,,1,1
SOUND AND MUSIC,NONE,ADULT,35,United Kingdom,"Who didn't star in the 1984 American musical, which featured this iconic Bonnie Tyler song?",Sarah Jessica Parker,Cynthia Nixon,Kevin Bacon,Lori Singer,"Holding Out for a Hero from the 1984 film, Footloose!",B,,,doQ5m1637014103955.mp3,2,146762,0,,1,1
SOUND AND MUSIC,NONE,ADULT,35,United Kingdom,Name the artist!,Gladys Knight,Chaka Khan,Aretha Franklin,Diana Ross,,B,,,3rCVh1637014756713.mp3,2,146765,0,,1,1
SOUND AND MUSIC,NONE,"TEEN,ADULT",35,United Kingdom,Which artist sings the lead vocals on Clean Bandit's 'Symphony'?,Zara Larsson,Anne-Marie,Jess Glynne,Julia Michaels,,A,,,w5DRU1637019729025.mp3,2,146768,0,,1,1
SOUND AND MUSIC,NONE,ADULT,35,United Kingdom,Which music genre does this British band hate?,Pop,Soul,Rock,Jazz,"The 1988 song 'Turn Back the Clock' from British band, Johnny Hates Jazz!",D,,,zYk2f1637020463035.mp3,2,146770,0,,1,1
SOUND AND MUSIC,NONE,ADULT,35,United Kingdom,Which singer/ band performed this 'Back to the Future' classic?,Peter Cetera,Starship,Kenny Loggins,Huey Lewis and the News,,D,,,ILXvt1637021001532.mp3,2,146774,0,,1,1
SOUND AND MUSIC,NONE,ADULT,35,United Kingdom,Where were this Cuban singer's supporting band members from?,Miami,London,New York,Las Vegas,Gloria Estefan and the Miami Sound Machine!,A,,,f03OF1637022037988.mp3,2,146779,0,,1,1
SOUND AND MUSIC,NONE,ADULT,35,United Kingdom,Who's the singer?,Dave Gahan,Simon Le Bon,Michael Hutchence,Roland Lee Gift,,C,,,ifS4g1637022784237.mp3,2,146781,0,,1,1
SOUND AND MUSIC,NONE,ADULT,15,United Kingdom,Who's the artist!?,Richard Marx,Phil Collins,Kenny Loggins,Michael Bolton,Michael Bolton - How Can We Be Lovers (1989),D,,,0CesO1637023747064.mp3,2,146783,0,,1,1
SOUND AND MUSIC,NONE,"TEEN,ADULT",35,United Kingdom,"In what language, other than English, does Lady Gaga also sing in 'Bad Romance'?",French,Spanish,Italian,Swedish,,A,,,ToTbf1637025497295.mp3,2,146789,0,,1,1
SOUND AND MUSIC,NONE,"TEEN,ADULT",35,United Kingdom,"Which American country singer features on Zedd's 'In The Middle', performing lead vocals?",Anne-Marie,Maren Morris,Zara Larsson,Jesy Nelson,,B,,,ZeRrN1637026882892.mp3,2,146794,0,,1,1
SOUND AND MUSIC,NONE,ADULT,35,United Kingdom,On which other hit single did this duo feature together?,Ebony and Ivory,Say Say Say,Just Good Friends,The Way You Make Me Feel,Ebony and Ivory was by Paul McCartney and Stevie Wonder!  The Girl is Mine and Say Say Say are both by Paul McCartney and Michael Jackson!,B,,,Yp20l1637079336187.mp3,2,146797,0,,1,1
SOUND AND MUSIC,NONE,ADULT,35,United Kingdom,"In which long-running HBO TV series, did this Journey song feature in the enigmatic final scene of the final episode?",The Sopranos,The Wire,Mad Men,Six Feet Under,,A,,,2Wwyy1637080516109.mp3,2,146801,0,,1,1
SOUND AND MUSIC,NONE,ADULT,35,United Kingdom,What's Des'ree's first philosophical lyric?,"""Herald what your mother said""","""Challenge what the future holds""","""Listen as your day unfolds""","""Lovers, they may cause you tears""",,C,,,rsXXT1637081421743.mp3,2,146804,0,,1,1
SOUND AND MUSIC,NONE,ADULT,35,United Kingdom,Who wouldn't we see running along the beach to this TV show theme song?,David Hasselhoff,Yasmine Bleeth,Pamela Anderson,Susan Ward,"This is of course, the Baywatch theme tune!",D,,,4uZat1637082144888.mp3,2,146807,0,,1,1
SOUND AND MUSIC,NONE,ADULT,35,United Kingdom,Name the UK garage duo.,The Artful Dodger,DJ Luck & MC Neat,Oxide & Neutrino,Sweet Female Attitude,,A,,,z115P1637083014087.mp3,2,146809,0,,1,1
SOUND AND MUSIC,NONE,ADULT,35,United Kingdom,Name the artist.,Sheryl Crow,Faith Hill,LeAnn Rimes,Shania Twain,,D,,,iDcM21637083564533.mp3,2,146811,0,,1,1
SOUND AND MUSIC,NONE,"TEEN,ADULT",35,United Kingdom,Name the song!,Basket Case,Boulevard of Broken Dreams,When I Come Around,American Idiot,,C,,,BtmGT1637084070162.mp3,2,146813,0,,1,1
SOUND AND MUSIC,NONE,ADULT,35,United Kingdom,Name the artist!,Timbaland,Ginuwine,Mario Winans,R. Kelly,,B,,,f96Yr1637085034117.mp3,2,146815,0,,1,1
SOUND AND MUSIC,NONE,"TEEN,ADULT",35,United Kingdom,Which location appears first in the Game of Thrones opening credits?,Kings Landing,The Wall,Winterfell,Pentos,,A,,,yVYxS1637085492424.mp3,2,146817,0,,1,1
SOUND AND MUSIC,NONE,ADULT,35,United Kingdom,Name the band!,Mr. Mister,Level 42,Mike and the Mechanics,Johnny Hates Jazz,,C,,,fdWNz1637086128551.mp3,2,146819,0,,1,1
SOUND AND MUSIC,NONE,ADULT,35,United Kingdom,What's Madonna's opening line?!,"""When you make my love come down""","""So baby, won't you set me free?""","""Something in your eyes is making""","""Something in the way you love me""","""Something in your eyes is making"" is the (very similar) opening line of the second verse!",D,,,usRps1637086891223.mp3,2,146822,0,,1,1
SOUND AND MUSIC,NONE,"JUNIOR,TEEN,ADULT",35,United Kingdom,"What's the next lyric in this Mariah Carey cover, Christmas classic?","""Don't care about the presents""","""Won't even wish for snow""","""Don't need to hang my stocking""","""Just want you for my own""",,A,,,UnRXZ1637087679935.mp3,2,146825,0,,1,1
SOUND AND MUSIC,NONE,ADULT,35,United Kingdom,Who wasn't one of the original three Sugababes?,Amelle Berrabah,Siobhan Donaghy,Keisha Buchanan,Mutya Buena,,A,,,CF3681637089618768.mp3,2,146830,0,,1,1
SOUND AND MUSIC,NONE,ADULT,35,United Kingdom,"Who was part of the club in the iconic 80s film, featuring this Simple Mind's song?",Molly Ringwald,Rob Lowe,Matthew Broderick,Elisabeth Shue,"Molly Ringwald featured in the 1985 classic, The Breakfast Club!",A,,,jbSQl1637090803362.mp3,2,146832,0,,1,1
SOUND AND MUSIC,NONE,ADULT,35,United Kingdom,Name this band's lead vocalist.,Damon Albarn,Chris Martin,Jarvis Cocker,Richard Ashcroft,,D,,,X9mz61637091543382.mp3,2,146834,0,,1,1
SOUND AND MUSIC,NONE,ADULT,20,United Kingdom,What's this song's opening lyric?,"""Making my way downtown""","""Staring blankly ahead""","""If I could fall into the sky""","""Living in your precious memory""",Vanessa Carlton's 2001 hit - A Thousand Miles!,A,,,l90Wp1637095186571.mp3,2,146840,0,,1,1
SOUND AND MUSIC,NONE,ADULT,35,United Kingdom,Who did Peter Kay team up with to record a version of this song?,Cliff Richard,Tony Christie,Shakin' Stevens,Engelbert Humperdinck,,B,,,QjZnn1637095761000.mp3,2,146845,0,,1,1
SOUND AND MUSIC,NONE,ADULT,30,United Kingdom,"Who's Usher's boo, in this 2004 hit?",Keyshia Cole,Ciara,Alicia Keys,Mariah Carey,,C,,,27Aag1637096396613.mp3,2,146847,0,,1,1
SOUND AND MUSIC,NONE,ADULT,35,United Kingdom,Name the band!,The Cardigans,4 Non Blondes,The Corrs,The Cranberries,,D,,,3zM3G1637098789337.mp3,2,146855,0,,1,1
SOUND AND MUSIC,NONE,ADULT,35,United Kingdom,Who performed the lead vocals for this Irish band and family?,Andrea Corr,Sharon Corr,Jim Corr,Caroline Corr,,A,,,yPZOc1637099244297.mp3,2,146857,0,,1,1
SOUND AND MUSIC,NONE,ADULT,35,United Kingdom,Which country are this 90s rock band from?!,Australia,Germany,Denmark,Sweden,The Cardigans is a Swedish rock band!,D,,,DOKia1637099846618.mp3,2,146859,0,,1,1
SOUND AND MUSIC,NONE,ADULT,35,United Kingdom,"How many members were in former Swedish pop rock group, Roxette?",Five,Three,Two,Four,,C,,,0zcyR1637101335945.mp3,2,146866,0,,1,1
SOUND AND MUSIC,NONE,ADULT,35,United Kingdom,Name the album!,In Utero,Ten,Bleach,Nevermind,,D,,,ebFv61637101678668.mp3,2,146868,0,,1,1
SOUND AND MUSIC,NONE,ADULT,35,United Kingdom,Name the film!,Sixteen Candles,St. Elmo's Fire,Footloose,Flashdance,,C,,,KI3HQ1637791572496.mp3,2,159183,0,,1,1
SOUND AND MUSIC,NONE,ADULT,30,United Kingdom,"What's the name of Jennifer Lopez's ex husband, who was one of the backup dancers, in the 'Love Don't Cost a Thing' video?",Cris Judd,Ojani Noa,Marc Anthony,Casper Smart,,A,TxQBR1638222723009.jpg,,,1,160252,0,,1,1
SOUND AND MUSIC,NONE,ADULT,30,United Kingdom,Which 1991 Prince music video is this still from?,Let's Go Crazy,Diamonds and Pearls,When Doves Cry,Little Red Corvette,,B,DeMeg1639487685673.jpg,,,1,160990,0,,1,1
SOUND AND MUSIC,NONE,ADULT,30,United Kingdom,Who wrote best-selling autobiography 'The Dirt'?,Motley Crue,KISS,Poison,Guns N' Roses,,A,EFtpl1639483992011.jpg,,,1,161014,0,,1,1
SOUND AND MUSIC,NONE,ADULT,30,United Kingdom,Name the 80s band.,Sister Sledge,The Anointed Pace Sisters,The Pointer Sisters,The Bonnie Sisters,,C,gzrPJ1639484641007.jpg,,,1,161016,0,,1,1
SOUND AND MUSIC,NONE,ADULT,30,United Kingdom,Which band covered 'Where Did Our Love Go' on the 12" version of 'Tainted Love'?,Dead or Alive,The Cult,Soft Cell,Ministry,,C,o7s8G1639483135117.jpg,,,1,161034,0,,1,1
SOUND AND MUSIC,NONE,ADULT,30,United Kingdom,Name the artist.,Mick Hucknall,Tom Bailey,Vince Clarke,Jimmy Somerville,,D,yxfKT1639483732382.jpg,,,1,161036,0,,1,1
SOUND AND MUSIC,NONE,ADULT,30,United Kingdom,Which band's mascot is named Eddie?,Judas Priest,Pink Floyd,Motorhead,Iron Maiden,,D,z5l5Z1639480678618.jpg,,,1,161046,0,,1,1
SOUND AND MUSIC,NONE,ADULT,30,United Kingdom,"Who went her own way and released the duet 'Stop Draggin' My Heart Around' as her first solo single, with Tom Petty?",Chrissie Hynde,Sinead O'Connor,Stevie Nicks,Kim Wilde,,C,ZbCxe1649952775908.jpg,,,1,161048,0,,1,1
SOUND AND MUSIC,NONE,ADULT,30,United Kingdom,In which band was lead singer Graham McPherson?,Level 42,The Specials,Madness,The Stranglers,Graham McPherson's stage name is of course Suggs!,C,9ts8T1639481760757.jpg,,,1,161052,0,,1,1
BREAKING NEWS,NONE,"TEEN,ADULT",30,United Kingdom,"Richard Rogers, the architect who designed London's Leadenhall Building passed away in December 2021. What is the Leadenhall's nickname?",The Gherkin,The Can of Ham,Big Ben,The Cheesegrater,(NULL),D,Breaking News - December 2021 - 1.jpg,,,1,166111,0,,1,1
BREAKING NEWS,NONE,ADULT,30,United Kingdom,In December 2021 what did Malta become the first EU state to make legal?,Plural marriage,Cannabis,Feeding pigeons,Euthanasia,(NULL),B,Breaking News - December 2021 - 3.jpg,,,1,166113,0,,1,1
BREAKING NEWS,NONE,ADULT,30,United Kingdom,"South Korea's president made a statement saying his country, the US, China and North Korea have declared a verbal end to the Korean War. How many years ago did the war actually end?",76 years ago,102 years ago,56 years ago,68 years ago,(NULL),D,Breaking News - December 2021 - 4.jpg,,,1,166115,0,,1,1
BREAKING NEWS,NONE,"JUNIOR,TEEN,ADULT",30,United Kingdom,Which 2021 film claimed the second highest-grossing opening day in box office history?,West Side Story,Spider-Man: No Way Home,Dune,No Time to Die,(NULL),B,Breaking News - December 2021 - 5.jpg,,,1,166119,0,,1,1
BREAKING NEWS,NONE,"TEEN,ADULT",30,United Kingdom,What name was given to the rare Gulf of Mexico turtle rescued at Talacre Beach after Storm Arwen?,Tally,Franklin,Donatello,Shelley,(NULL),A,Breaking News - December 2021 - 6.jpg,,,1,166131,0,,1,1
BREAKING NEWS,NONE,"TEEN,ADULT",30,United Kingdom,"In December 2021, what did vandals do to the Gavle Yule goats, giant straw goat statues put up to mark the holidays in Sweden?",Stole them,Tipped them over,Set them on fire,Dressed them up,(NULL),C,Breaking News - December 2021 - 8.jpg,,,1,166133,0,,1,1
BREAKING NEWS,NONE,"TEEN,ADULT",30,United Kingdom,"Known for lamb, beef, and sugar production, with what country did the UK sign their first post-Brexit trade deal?",Canada,Brazil,Germany,Australia,(NULL),D,Breaking News - December 2021 - 9.jpg,,,1,166137,0,,1,1
BREAKING NEWS,NONE,ADULT,30,United Kingdom,What Chilean record did Chile's new president Gabriel Boric set when he was recently elected?,First foreign-born leader,Youngest leader,First elected leader,First write-in leader,(NULL),B,Breaking News - December 2021 - 10.jpg,,,1,166139,0,,1,1
BREAKING NEWS,NONE,"TEEN,ADULT",30,United Kingdom,"What did North Korea ban for 11 days, to mark the 10-year anniversary of former leader Kim Jong-il's death?",Dancing,Shopping,Laughing,Clapping,(NULL),C,Breaking News - December 2021 - 11.jpg,,,1,166143,0,,1,1
BREAKING NEWS,NONE,"JUNIOR,TEEN,ADULT",30,United Kingdom,"The world's leggiest animal - a millipede with 1,306 legs - was found in Australia. What does millipede mean?",A hundred legs,A thousand legs,A million legs,Many legs,(NULL),B,Breaking News - December 2021 - 12.jpg,,,1,166151,0,,1,1
BREAKING NEWS,NONE,ADULT,30,United Kingdom,Recently the last of the 17 missionaries taken hostage in Haiti was set free. What religious group do they belong to?,Mormons,Anabaptists,Baha'is,Catholics,(NULL),B,Breaking News - December 2021 - 13.jpg,,,1,166163,0,,1,1
BREAKING NEWS,NONE,"TEEN,ADULT",30,United Kingdom,"Archaeologists found 5 full skeletons of which creature in a Swindon gravel quarry, nearly 2 years after a bone was noticed by local passers-by?",A woolly mammoth,A saber-toothed tiger,A megalodon shark,A dodo,(NULL),A,Breaking News - December 2021 - 14.jpg,,,1,166167,0,,1,1
BREAKING NEWS,NONE,"TEEN,ADULT",30,United Kingdom,"Name the fashion house who became the first luxury brand to name someone of Indian descent (Leena Nair), as their CEO.",Chanel,Louis Vuitton,Gucci,Michael Kors,(NULL),A,Breaking News - December 2021 - 15.jpg,,,1,166169,0,,1,1
BREAKING NEWS,NONE,ADULT,30,United Kingdom,Which American state was devastated by a tornado on December 10th 2021?,Florida,Texas,Colorado,Kentucky,(NULL),D,Breaking News - December 2021 - 17.jpg,,,1,166179,0,,1,1
BREAKING NEWS,NONE,"TEEN,ADULT",30,United Kingdom,"On December 15, racing driver Lewis Hamilton was knighted. What singer received an MBE at the same ceremony?",Alesha Dixon,Craig David,Dawn French,Gary Barlow,(NULL),B,Breaking News - December 2021 - 18.jpg,,,1,166182,0,,1,1
BREAKING NEWS,NONE,"JUNIOR,TEEN,ADULT",30,United Kingdom,Who was declared BBC Sports Personality of the Year?,Tyson Fury,Tom Daly,Emma Raducanu,Sarah Storey,(NULL),C,Breaking News - December 2021 - 19.jpg,,,1,166184,0,,1,1
BREAKING NEWS,NONE,"TEEN,ADULT",30,United Kingdom,Who knighted Lewis Hamilton?,The Queen,Prince William,Princess Kate,Prince Charles,(NULL),D,Breaking News - December 2021 - 20.jpg,,,1,166187,0,,1,1
BREAKING NEWS,NONE,ADULT,30,United Kingdom,What major media company did YouTube TV recently drop and then re-sign a deal with?,Apple,Netflix,HBO,Disney,(NULL),D,Breaking News - December 2021 - 21.jpg,,,1,166189,0,,1,1
BREAKING NEWS,NONE,"TEEN,ADULT",30,United Kingdom,The BBC's 100 Women of 2021 featured 50 women from which country?,India,Afghanistan,Pakistan,Sri Lanka,(NULL),B,Breaking News - December 2021 - 23.jpg,,,1,166193,0,,1,1
BREAKING NEWS,NONE,"TEEN,ADULT",30,United Kingdom,"China's Yutu 2 rover discovered an unidentified cubic shape on the moon, likely a boulder. What nickname was it given?","""The Monolith""","""The Prism""","""Mystery Hut""","""Moon Mansion""",(NULL),C,Breaking News - December 2021 - 24.jpg,,,1,166197,0,,1,1
BREAKING NEWS,NONE,"JUNIOR,TEEN,ADULT",30,United Kingdom,A NASA spacecraft became the first to touch the upper atmosphere of what celestial object?,The Sun,Jupiter,A Black Hole,Pluto,(NULL),A,Breaking News - December 2021 - 25.jpg,,,1,166205,0,,1,1
BREAKING NEWS,NONE,ADULT,30,United Kingdom,"What did the annual SantaCon, a worldwide pub crawl where partiers wear holiday costumes, originate from?",A shopping mall Santa strike,anti-consumerism protests,A TikTok dance,A beer commercial,(NULL),B,Breaking News - December 2021 - 27.jpg,,,1,166217,0,,1,1
BREAKING NEWS,NONE,ADULT,30,United Kingdom,"Name the influential scholar and author of 'Ain't I a Woman' and 'All About Love,' who passed away December 15.",Toni Morrison,Angela Davis,Bell Hooks,Gloria Steinem,(NULL),C,Breaking News - December 2021 - 28.jpg,,,1,166221,0,,1,1
BREAKING NEWS,NONE,ADULT,30,United Kingdom,L.A. Woman' author Eve Babitz passed away December 17. What band's song inspired the title?,Led Zeppelin,The Doors,ABBA,Fleetwood Mac,(NULL),B,Breaking News - December 2021 - 29.jpg,,,1,166225,0,,1,1
BREAKING NEWS,NONE,"TEEN,ADULT",30,United Kingdom,"Clearview AI was ordered to erase their data by Australia, the UK, and now France. What does Clearview do?",Genetic sequencing,Cybersecurity,Biometrics,Facial recognition,(NULL),D,Breaking News - December 2021 - 30.jpg,,,1,166229,0,,1,1
BREAKING NEWS,NONE,ADULT,30,United Kingdom,"How much was the ruler of Dubai ordered to pay his ex-wife, in one of the UK's biggest divorce settlements?",GBP 50 million,GBP 1 billion,GBP 250 million,GBP 500 million,(NULL),D,Breaking News - December 2021 - 31.jpg,,,1,166237,0,,1,1
BREAKING NEWS,NONE,"TEEN,ADULT",30,United Kingdom,What county was recently the site of a headline-making UK by-election?,Suffolk,Staffordshire,Shropshire,Surrey,(NULL),C,Breaking News - December 2021 - 32.jpg,,,1,166239,0,,1,1
BREAKING NEWS,NONE,"TEEN,ADULT",30,United Kingdom,What was every household in Wales recently given in an effort to meet climate targets?,A tree,A bike,A compost bin,A hybrid car,(NULL),A,Breaking News - December 2021 - 33.jpg,,,1,166241,0,,1,1
BREAKING NEWS,NONE,"TEEN,ADULT",30,United Kingdom,Rose Ayling Ellis became the first deaf winner of Strictly. What does she win?,Mirrorball trophy,Glitterball trophy,Disco ball trophy,Golden globe,,B,Breaking News - December 2021 - 34.jpg,,,1,166243,0,,1,1
BREAKING NEWS,NONE,"TEEN,ADULT",30,United Kingdom,"Due to potato supply issues, what restaurant's Japanese operations announced in December 2021 that they are only serving small fries?",Burger King,Wendy's,McDonald's,Nando's,(NULL),C,Breaking News - December 2021 - 35.jpg,,,1,166245,0,,1,1
BREAKING NEWS,NONE,ADULT,30,United Kingdom,Who played with Tiger Woods in his first tournament since his car accident?,His father,His caddy,His son,His nephew,(NULL),C,Breaking News - December 2021 - 37.jpg,,,1,166254,0,,1,1
BREAKING NEWS,NONE,"JUNIOR,TEEN,ADULT",30,United Kingdom,What open-world game's staff brought the Log4J code vulnerability to global attention?,Grand Theft Auto,The Sims,World of Warcraft,Minecraft,,D,Breaking News - December 2021 - 38.jpg,,,1,166258,0,,1,1
BREAKING NEWS,NONE,ADULT,30,United Kingdom,Which singer was recently ordered to face a jury trial over a copyright lawsuit with 3LW?,Adele,The Weeknd,James Blunt,Taylor Swift,(NULL),D,Breaking News - December 2021 - 39.jpg,,,1,166270,0,,1,1
BREAKING NEWS,NONE,ADULT,30,United Kingdom,"Currently on trial for fraud, Elizabeth Holmes was CEO of what defunct company?",Brazos,Nygard,TerraMar,Theranos,(NULL),D,Breaking News - December 2021 - 40.jpg,,,1,166274,0,,1,1
BREAKING NEWS,NONE,ADULT,30,United Kingdom,"What city held a controversial election on December 19, marked by the lowest voter turnout in their history?",Singapore City,Hong Kong,Beijing,Kolkata,(NULL),B,Breaking News - December 2021 - 41.jpg,,,1,166278,0,,1,1
BREAKING NEWS,NONE,ADULT,30,United Kingdom,What country's federal government formally banned "Conversion Therapy"?,United States,France,Ukraine,Canada,(NULL),D,Breaking News - December 2021 - 42.jpg,,,1,166282,0,,1,1
BREAKING NEWS,NONE,"TEEN,ADULT",30,United Kingdom,What colour is Pantone's 2022 'Colour of the Year'?,Veri Peri,Serenity,Horizon Blue,Green Poison,(NULL),A,Breaking News - December 2021 - 43.jpg,,,1,166286,0,,1,1
BREAKING NEWS,NONE,TEEN,30,United Kingdom,"In December 2021, the Sidemen released another installment of ""20 Women vs 1 Sidemen"" on YouTube. Which member of the group starred in it?",JJ,Harry,Ethan,Toby,(NULL),A,Breaking News - December 2021 - JUNIOR - 2.jpg,,,1,166294,0,,1,1
BREAKING NEWS,NONE,"JUNIOR,TEEN",30,United Kingdom,"In December 2021, a trailer was released for 'Harry Potter: Return To Hogwarts', a reunion show celebrating which anniversary of the mega movie franchise?",15th,20th,25th,30th,(NULL),B,Breaking News - December 2021 - JUNIOR - 3.jpg,,,1,166295,0,,1,1
BREAKING NEWS,NONE,"JUNIOR,TEEN",30,United Kingdom,"In December 2021, Jake Paul achieved a KO against Tyron Woodley in which round?",4th,5th,6th,3rd,,C,Breaking News - December 2021 - JUNIOR - 4.jpg,,,1,166297,0,,1,1
BREAKING NEWS,NONE,TEEN,30,United Kingdom,A new installment in a popular horror videogame franchise was released on December 16th. What was its title?,Five Night's At Freddy's: Special Delivery,Five Night's At Freddy's: Sister Location,Five Night's At Freddy's: Help Wanted,Five Night's At Freddy's: Security Breach,(NULL),D,Breaking News - December 2021 - JUNIOR - 5.jpg,,,1,166299,0,,1,1
BREAKING NEWS,NONE,JUNIOR,30,United Kingdom,"Spider-Man: No Way Home, was released in theatres on December 15th. Which of these villains did NOT appear in the film?",Hobgoblin,Sandman,The Lizard,Electro,(NULL),A,Breaking News - December 2021 - JUNIOR - 7.jpg,,,1,166303,0,,1,1
BREAKING NEWS,NONE,TEEN,30,United Kingdom,"Halo Infinite was released on December 8th, making it what entry in the mainline releases?",7th,8th,9th,10th,(NULL),B,Breaking News - December 2021 - JUNIOR - 8.jpg,,,1,166307,0,,1,1
BREAKING NEWS,NONE,JUNIOR,30,United Kingdom,The sequel to which David Walliam's book was released in November 2021?,Ratburger,Mr Stink,Gangsta Granny,Billionaire Boy,(NULL),C,Breaking News - December 2021 - JUNIOR - 9.jpg,,,1,166311,0,,1,1
BREAKING NEWS,NONE,"JUNIOR,TEEN",30,United Kingdom,A new version of which classic Christmas film was released in November 2021?,The Polar Express,Elf,Gremlins,Home Alone,(NULL),D,Breaking News - December 2021 - JUNIOR - 10.jpg,,,1,166312,0,,1,1
BREAKING NEWS,NONE,"JUNIOR,TEEN,ADULT",30,United Kingdom,"As part of an experiment to research human ageing, SpaceX launched which type of cells into space?",Muscle cells,Nerve cells,Red blood cells,Stem cells,(NULL),A,Breaking News - December 2021 - JUNIOR - 11.jpg,,,1,166320,0,,1,1
BREAKING NEWS,NONE,JUNIOR,30,United Kingdom,"In December 2021, Rose Ayling-Ellis became the first contestant with which disability to win Strictly Come Dancing?",Visual impairment,Hearing impairment,Autism,Diabetes,(NULL),B,Breaking News - December 2021 - JUNIOR - 12.jpg,,,1,166332,0,,1,1
BREAKING NEWS,NONE,JUNIOR,30,United Kingdom,Who was named Young Sports Personality of the Year for 2021?,Ellie Challis,Jude Bellingham,Sky Brown,Dennis Mitchell,(NULL),C,Breaking News - December 2021 - JUNIOR - 13.jpg,,,1,166333,0,,1,1
BREAKING NEWS,NONE,"JUNIOR,TEEN,ADULT",30,United Kingdom,"Who won the 2021 series of I'm A Celebrity Get Me Out Of Here, in December?",David Ginola,Simon Gregson,Frankie Bridge,Danny Miller,(NULL),D,Breaking News - December 2021 - JUNIOR - 14.jpg,,,1,166334,0,,1,1
BREAKING NEWS,NONE,JUNIOR,30,United Kingdom,"In December 2021, Minecraft hit a unique milestone on YouTube after it had received how many consolidated views from videos dedicated to the game?",1 trillion,100 billion,100 million,1 billion,(NULL),A,Breaking News - December 2021 - JUNIOR - 15.jpg,,,1,166337,0,,1,1
BREAKING NEWS,NONE,JUNIOR,30,United Kingdom,"In November 2021, countries such as Poland, Vietnam and Chile pledged to cut out the use of what, in a bid to reduce pollution?",Oil,Coal,Plastic,Public transport,(NULL),B,Breaking News - December 2021 - JUNIOR - 16.jpg,,,1,166341,0,,1,1
BREAKING NEWS,NONE,JUNIOR,30,United Kingdom,"In December 2021, Ed Sheeran and Elton John released a Christmas song, what was it called?",Sweet Christmas,Christmas Cheer,Merry Christmas,Christmas Has Come,(NULL),C,Breaking News - December 2021 - JUNIOR - 17.jpg,,,1,166345,0,,1,1
BREAKING NEWS,NONE,JUNIOR,30,United Kingdom,The trailer for Sonic the Hedgehog 2 was released in December 2021. Which character makes a surprise appearance at the end?,Metal Sonic,Shadow,Amy Rose,Knuckles,(NULL),D,Breaking News - December 2021 - JUNIOR - 18.jpg,,,1,166346,0,,1,1
BREAKING NEWS,NONE,JUNIOR,30,United Kingdom,"In December 2021, the Philippines was hit by a natural disaster, nicknamed ""Rai"", killing hundreds of people. What kind of disaster was Rai?",Typhoon,Earthquake,Volcano,Tsunami,(NULL),A,Breaking News - December 2021 - JUNIOR - 19.jpg,,,1,166350,0,,1,1
BREAKING NEWS,NONE,JUNIOR,30,United Kingdom,"In December 2021, the British Armed Forces announced that they would allow people with what to serve?",Covid-19,HIV,Autism,Dyslexia,(NULL),B,Breaking News - December 2021 - JUNIOR - 20.jpg,,,1,166354,0,,1,1
BREAKING NEWS,NONE,"JUNIOR,TEEN,ADULT",30,United Kingdom,"November 2021 saw power outages, and even fatalities in the UK and Ireland, after being hit by a cyclone named what?",Ariel,Aaron,Arwen,Aldwyn,(NULL),C,Breaking News - December 2021 - JUNIOR - 21.jpg,,,1,166355,0,,1,1
BREAKING NEWS,NONE,"JUNIOR,TEEN,ADULT",30,United Kingdom,"In December 2021, the Conservative Party were fined GBP 17,800 after failing to accurately report a donation that was made to pay for Boris Johnson's what?",Flat refurbishment,Hair transplant,New car,2-week vacation,(NULL),A,Breaking News - December 2021 - JUNIOR - 23.jpg,,,1,166358,0,,1,1
BREAKING NEWS,NONE,JUNIOR,30,United Kingdom,"On the 16th of December, the Bank of England raised interest rates from 0.1% to 0.25% because of increasing what?",Interest rates,Inflation rates,Spending rates,Loan rates,(NULL),B,Breaking News - December 2021 - JUNIOR - 24.jpg,,,1,166361,0,,1,1
BREAKING NEWS,NONE,JUNIOR,30,United Kingdom,"In November 2021, a man posted a viral video on YouTube in which he bought a lobster from a grocery store and kept it as a pet. What did he name the lobster?",Lincoln,Luna,Leon,Logan,(NULL),C,Breaking News - December 2021 - JUNIOR - 25.jpg,,,1,166362,0,,1,1
BREAKING NEWS,NONE,JUNIOR,30,United Kingdom,"Sylvia Pope, a 79-year old British woman, has the world's largest collection of which Christmas decoration, with 1,760 in her home?",Stockings,Santa Claus figures,Snow globes,Baubles,(NULL),D,Breaking News - December 2021 - JUNIOR - 26.jpg,,,1,166366,0,,1,1
BREAKING NEWS,NONE,JUNIOR,30,United Kingdom,Which of these celebrities joined TikTok in December 2021?,Beyonce,Adele,Jay-Z,Justin Bieber,(NULL),A,Breaking News - December 2021 - JUNIOR - 27.jpg,,,1,166367,0,,1,1
BREAKING NEWS,NONE,JUNIOR,30,United Kingdom,Who was named Time Magazine's Person of the year in 2021?,Jeff Bezos,Elon Musk,Greta Thunberg,Britney Spears,(NULL),B,Breaking News - December 2021 - JUNIOR - 28.jpg,,,1,166371,0,,1,1
BREAKING NEWS,NONE,JUNIOR,30,United Kingdom,"In early December 2021, a petition to prevent which celebrity couple from taking part in any more interviews gained over 18,000 signatures?",Beyonce and Jay-Z,Megan Fox and Machine Gun Kelly,Jennifer Lopez and Ben Affleck,Will Smith and Jada Pinkett Smith,(NULL),D,Breaking News - December 2021 - JUNIOR - 30.jpg,,,1,166376,0,,1,1
BREAKING NEWS,NONE,JUNIOR,30,United Kingdom,Who was revealed as the most listened to artist on Spotify in 2021?,Bad Bunny,Drake,Billie Eilish,Justin Bieber,(NULL),A,Breaking News - December 2021 - JUNIOR - 31.jpg,,,1,166380,0,,1,1
BREAKING NEWS,NONE,JUNIOR,30,United Kingdom,Which of these celebrities turned down Jeff Bezos's offer for a ride to space?,Will Smith,Tom Hanks,George Clooney,Bruce Willis,(NULL),B,Breaking News - December 2021 - JUNIOR - 32.jpg,,,1,166384,0,,1,1
QUICK THINKING,NONE,ADULT,25,United Kingdom,Which of these words contains the fewest vowels ?,Pentobarbital,Penalisation,Phenomenalize,Petrification,,A,FFWrj1644951975558.jpg,,,1,170011,0,,1,1
QUICK THINKING,NONE,"JUNIOR,TEEN",30,United Kingdom,Which is the correctly spelt word for a ruler in ancient Egypt?,Pharaoh,Pharoh,Fairo,Phairoah,,A,dMpd71626879844075.jpg,,,1,170021,0,,1,1
BACK TO SCHOOL,NONE,"TEEN,ADULT",30,United Kingdom,"Photographed here, on which island is the Statue of Liberty located?",Staten Island,Liberty Island,Long Island,Long Island City,,B,UCCuK1620240036216.jpg,,,1,171988,0,,1,1
BACK TO SCHOOL,NONE,ADULT,30,United Kingdom,I was one of the Founding Fathers of the US and the first Secretary of the Treasury. Who am I?,John Adams,Alexander Hamilton,James Madison,Benjamin Franklin,,B,QC001642.jpg,,,1,172060,0,,1,1
SOUND AND MUSIC,NONE,ADULT,30,United Kingdom,How wealthy did the artist pictured and Bruno Mars wish to be in 2010?,Zillionaire,Trillionaire,Millionaire,Billionaire,"Billionaire' by Travie McCoy, featuring Bruno Mars!",D,PatkA1626291848715.jpg,,,1,174453,0,,1,1
BREAKING NEWS,NONE,"TEEN,ADULT",30,United Kingdom,"Who or what made a surprise appearance in Mark Selby's 2nd round match against Yan Bingtao at the Crucible, in April?",Streaker,Ronnie O'Sullivan,Pigeon,Keanu Reeves,,C,Durvk1650825766986.jpg,,,1,177125,0,,1,1
BREAKING NEWS,NONE,"TEEN,ADULT",30,United Kingdom,"In April, where did the The Duke & Duchess of Sussex attend the 2022 Invictus Games?",The Hague,Milan,Toronto,Hamburg,,A,kyrMB1650989706659.jpg,,,1,177155,0,,1,1
BREAKING NEWS,NONE,"TEEN,ADULT",30,United Kingdom,"In mid-April, which Covid-19 vaccine became the sixth to have been approved by the UK's MHRA?",Janssen,Propecia,Sinopharm BIBP,Valneva,,D,2yJok1650990051666.jpg,,,1,177161,0,,1,1
BREAKING NEWS,NONE,"JUNIOR,TEEN",30,United Kingdom,"What condition was former Oasis frontman, Liam Gallagher referring to when he said he'd rather be in a wheelchair than have an operation for his ""mashed bones""?",Myopia,Rickets,Arthritis,Diabetes,,C,51Wsw1650990380555.jpg,,,1,177167,0,,1,1
BREAKING NEWS,NONE,"JUNIOR,TEEN,ADULT",30,United Kingdom,"Which team did Liverpool F.C. beat in the semi finals, en route to the 2022 FA Cup final?",Manchester City,Crystal Palace,Everton,Chelsea,,A,t12VJ1650990650756.jpg,,,1,177171,0,,1,1
BREAKING NEWS,NONE,JUNIOR,30,United Kingdom,"Which technology businessman recently purchased social network, Twitter for Dollar 44bn?",Donald Trump,Elon Musk,Jack Dorsey,Mark Zuckerberg,,B,iPLEk1650991077098.jpg,,,1,177176,0,,1,1
BREAKING NEWS,NONE,"JUNIOR,TEEN,ADULT",30,United Kingdom,"In April, scientists announced that which planet's temperature has been ""dropping by a surprising amount"" over the past seventeen years?",Uranus,Neptune,Pluto,Saturn,,B,V9dTU1650991545185.jpg,,,1,177180,0,,1,1
BREAKING NEWS,NONE,"JUNIOR,TEEN",30,United Kingdom,"Covering subjects such as climate change and biodiversity, which new GCSE subject did Education Secretary, Nadhim Zahawi announce would be introduced in 2025?",Environmental Engineering,Earth Commerce,Sustainability,Natural History,,D,tcgck1650992965482.jpg,,,1,177200,0,,1,1
BREAKING NEWS,NONE,"TEEN,ADULT",30,United Kingdom,"In the first quarter of 2022, Netflix lost 200,000 subscribers, which they attributed to all, but which of the following causes?",Inflation,The war in Ukraine,Fierce competition,Illegal password sharing,,D,hMJF01650993449244.jpg,,,1,177222,0,,1,1
BREAKING NEWS,NONE,"TEEN,ADULT",30,United Kingdom,Which UK retailer vowed tostop selling all plastic-based wet wipes by the end of 2022?,Tesco,Asda,Boots,WHSmith,,C,M1u9g1650994003576.jpg,,,1,177228,0,,1,1
BREAKING NEWS,NONE,"TEEN,ADULT",30,United Kingdom,"Employees at an NYC branch of which US retailer announced a plan to start the company's first ever union, in April 2022?",Amazon 4-star,Apple Inc,Bloomingdale's,Baskin-Robbins,,B,bzQw81650994703020.jpg,,,1,177232,0,,1,1
BREAKING NEWS,NONE,"JUNIOR,TEEN,ADULT",30,United Kingdom,"US scientists have named a newly-discovered twisted-claw millipede after which popstar, in recognition of their ""talent as a songwriter and performer""?",Zendaya,Hailee Steinfeld,Taylor Swift,Katy Perry,,C,bYKwN1650995195736.jpg,,,1,177250,0,,1,1
BREAKING NEWS,NONE,"TEEN,ADULT",30,United Kingdom,"What short film was produced by Bafta-winning director Brian Hill, triggered by his concern about bullying in the film and TV industry?",Silenced,Toxic,Plague,Smoke Screen,,B,DLNmf1650995728683.jpg,,,1,177282,0,,1,1
BREAKING NEWS,NONE,ADULT,30,United Kingdom,"What song did this man recently record and publicly perform, in support of Ukraine?",War (What Is It Good For?),Let It Be,All Along the Watchtower,Imagine,Pictured is Julian Lennon!,D,SxjRt1650998181726.jpg,,,1,177296,0,,1,1
BREAKING NEWS,NONE,"JUNIOR,TEEN,ADULT",30,United Kingdom,"In late April, media outlets reported a spike in which disease, among children in the European Union, US and UK?",Ebola,Malaria,Hepatitis,Tuberculosis,,C,BNhm71650999173175.jpg,,,1,177302,0,,1,1
BREAKING NEWS,NONE,"JUNIOR,TEEN,ADULT",30,United Kingdom,"What 700 year-old relic was recently found five feet under a street in Tallinn, Estonia?",Throne of Henry VIII,Preserved 80-foot ship,Chinese gunpowder reserves,Ark of the Covenant,,B,zWuoS1651001671679.jpg,,,1,177340,0,,1,1
BREAKING NEWS,NONE,ADULT,30,United Kingdom,"Which South Western US city experienced a one hundred foot wall of fire in April, dubbed the ""Tunnel Fire""?",Flagstaff,Salt Lake City,Albuquerque,Houston,,A,v4Aab1651002430177.jpg,,,1,177388,0,,1,1
BREAKING NEWS,NONE,"JUNIOR,TEEN",30,United Kingdom,"A football shirt worn by which legendary player, during an epic quarter-final match at the 1986 World Cup against England, is expected to sell for pound4 million at auction?",Pele,Diego Maradona,Michel Platini,Paolo Maldini,,B,8CxRd1651003568803.jpg,,,1,177406,0,,1,1
BREAKING NEWS,NONE,"JUNIOR,TEEN,ADULT",30,United Kingdom,"British researchers claimed in April, that mycological organisms (e.g. mushrooms) can communicate with each other by what method?",Sonar,Electrical impulses,Pollination,Frequency emission,,B,aQCbO1651004071930.jpg,,,1,177422,0,,1,1
BREAKING NEWS,NONE,ADULT,30,United Kingdom,"Which singing superstar is the subject of a new Broadway musical in which her character is portrayed as the three incarnations: Star, Lady and Babe?",Cher,Karen Carpenter,Barbra Streisand,Celine Dion,,A,ud4aB1651006322874.jpg,,,1,177438,0,,1,1
BREAKING NEWS,NONE,"TEEN,ADULT",30,United Kingdom,"Name the new 'Downton Abbey' movie, released at the end of April.",A New Era,The Crawley Family,The Return of Isis,We've Been Expecting You,"Pictured is Robert Crawley, played by Hugh Bonneville, with Labrador Retriever Isis!",A,v1ncj1651075087681.jpg,,,1,177555,0,,1,1
BREAKING NEWS,NONE,"JUNIOR,TEEN,ADULT",30,United Kingdom,"To mark the Queen's Platinum Jubilee, a seventy foot Tree-shaped sculpture comprising 350 what, will be erected outside Buckingham Palace?",10-foot wide Union Jacks,Duke of Edinburgh statues,Bejeweled crowns,Native British trees,"Dubbed the Tree of Trees, created by British designer Thomas Heatherwick, 350 native British trees will be used. The structure is said to reflect the more than one million trees that have been planted across the UK for the Queen's Green Canopy initiative!",D,HdHk91651075729497.jpg,,,1,177575,0,,1,1
BREAKING NEWS,NONE,"TEEN,ADULT",30,United Kingdom,"Equity, the union representing which workers, recently launched a campaign to, ""Stop AI Stealing the Show""?",Factory workers,Performing arts,Ride sharing workers,Farmers,"According to the union, actors' livelihoods are at risk from artificial intelligence (AI) unless the law changes. AI can use samples of an actor's voice or face, to generate content including so-called ""deep fakes"".",B,qK08w1651076669220.jpg,,,1,177589,0,,1,1
BREAKING NEWS,NONE,"JUNIOR,TEEN,ADULT",30,United Kingdom,"What pet, named 'One-eyed Joe' was recently reunited with its owner, after being found offshore, on a Scottish oil rig, having been missing for five years?",Dog,Rabbit,Cat,Parrot,,C,nusUJ1651077047000.jpg,,,1,177597,0,,1,1
BREAKING NEWS,NONE,"JUNIOR,TEEN,ADULT",30,United Kingdom,"In April, the UN honoured Sir David Attenborough, in recognition of his dedication to research, documentation, and advocacy in protecting and restoring nature. What award was he given?",Nobel Peace Prize,Peabody Award,Forest Hero Award,Champions of the Earth,,D,FGRmH1651078116086.jpg,,,1,177610,0,,1,1
BREAKING NEWS,NONE,"JUNIOR,TEEN,ADULT",30,United Kingdom,"The roof of which London landmark is to be opened for the first time to visitors, as part of Queen Elizabeth II's Platinum Jubilee celebrations?",The British Museum,St Paul's Cathedral,The Tower of London,Westminster Abbey,"Westminster Abbey's rooftop will be open twice a month from June to August on selected Fridays and Saturdays, for a pound70, 60-minute tour!",D,GSZi41651078587915.jpg,,,1,177616,0,,1,1
BREAKING NEWS,NONE,"JUNIOR,TEEN",30,United Kingdom,Who did the President of France beat to win a second term as French president?,Brigitte Macron,Marine Le Pen,Franois Hollande,Marie Antoinette,,B,Z0uwF1651078993264.jpg,,,1,177625,0,,1,1
BREAKING NEWS,NONE,"JUNIOR,TEEN",30,United Kingdom,"Which technology is set to be introduced to the Scottish Premiership, in December 2022?",Hawkeye,Cryotherapy,Video Assistant Referee,Virtual Reality,,C,xLJbw1651079381573.jpg,,,1,177640,0,,1,1
BREAKING NEWS,NONE,"TEEN,ADULT",30,United Kingdom,"Erik Ten Hag was appointed as manager of Manchester United recently, due to start July 1st 2022. Which team is he currently managing?",PSV Eindhoven,Borussia Dortmund,Ajax,RB Leipzig,,C,3TGRH1651079849111.jpg,,,1,177648,0,,1,1
BREAKING NEWS,NONE,ADULT,30,United Kingdom,"Seen here, which English coastal holiday resort has announced that it will be holding an annual 'Cringe' comedy festival, which it is hopes will place the town ""on the comedy map""?",Cromer,Falmouth,Whitby,Porthmadog,,B,Ez7H41651080255027.jpg,,,1,177658,0,,1,1
BREAKING NEWS,NONE,"TEEN,ADULT",30,United Kingdom,"Which two celebrities announced that they will invest pound10 million each, as part of a larger bid for Chelsea Football Club?",Gianfranco Zola & Didier Drogba,Sir Lewis Hamilton & Serena Williams,David Baddiel & Jeremy Clarkson,Arsene Wenger & Sir Trevor McDonald,,B,iJOF71651081002276.jpg,,,1,177665,0,,1,1
BREAKING NEWS,NONE,"JUNIOR,TEEN,ADULT",30,United Kingdom,"Due to the war in Ukraine, and resulting supply-chain problems, supermarkets across the UK have started to limit customer purchases of which product?",Toilet paper,Cooking oil,Apples,Bottled water,,B,FaY4v1651081496226.jpg,,,1,177682,0,,1,1
BREAKING NEWS,NONE,"JUNIOR,TEEN,ADULT",30,United Kingdom,Which British royal celebrated his fourth birthday in April?,Prince George,Prince Archie,Prince Louis,Prince James,,C,RhK5w1651081869253.jpg,,,1,177696,0,,1,1
BREAKING NEWS,NONE,"JUNIOR,TEEN,ADULT",30,United Kingdom,"In a bid to ease overcrowding, Venice announced that it would be the first city in the world to trial what, from June 2022 onwards?",Inflatable bridges,Social distancing throughout,10 entry fee,Free gondala rides,"Free gondola rides would increase the size of crowds, social distancing everywhere is impossible to enforce, and we strongly advise against crossing ANY inflatable bridges!",C,ZrOUW1651082245005.jpg,,,1,177705,0,,1,1
BREAKING NEWS,NONE,"JUNIOR,TEEN,ADULT",30,United Kingdom,"In April, Harry Styles and Lizzo performed a rendition of which One Direction hit, at Coachella?",Story of My Life,Perfect,What Makes You Beautiful,One Way or Another,,C,2JUXf1651082664273.jpg,,,1,177738,0,,1,1
BREAKING NEWS,NONE,"TEEN,ADULT",30,United Kingdom,"Located beneath the French-Swiss border, which powerful accelerator, that boosts particles to a speed close to that of light, forming all the matter we know, was recently re-opened after a 3-year hiatus?",Higgs Boson,CERN Accelerator,Alps Proton,Large Hadron Collider,,D,CxKnx1651083360826.jpg,,,1,177774,0,,1,1
BREAKING NEWS,NONE,"TEEN,ADULT",30,United Kingdom,"Which singer or group filmed their latest music video in Kyiv, Ukraine, days before Russia invaded the country?",Justin Bieber,The Chainsmokers,Maroon 5,Ed Sheeran,Ed's left arm tattoos were the giveaway!,D,Tb2Gt1651162893549.jpg,,,1,177802,0,,1,1
BREAKING NEWS,NONE,"TEEN,ADULT",30,United Kingdom,"In front of a record 94,000 crowd, what punch did Tyson Fury land to knock-out Dillian Whyte in the sixth-round, to retain his heavyweight titles, in April 2022?",Straight right (cross),Uppercut,Jab,Hook,,B,bE9Yo1651163373914.jpg,,,1,177826,0,,1,1
BREAKING NEWS,NONE,ADULT,30,United Kingdom,"A blue and white gingham print dress worn by which star of a 1939 classic film, is expected to sell for up to Dollar 1.2m (pound935,000) at a Bonhams auction, on May 24th 2022?",Judy Garland,Vivien Leigh,Lauren Bacall,Ingrid Bergman,Judy Garland wore the dress playing the role of Dorothy Gale in 'The Wizard of Oz'!,A,p7jRe1651163839968.jpg,,,1,177850,0,,1,1
BREAKING NEWS,NONE,"TEEN,ADULT",30,United Kingdom,"George Ezra teamed up with YouTube to give an pound85,000 donation, to plant 17,000 trees across the UK, which he hopes will help fight climate change and environmental decline, to which charity?",National Trust,RSPB,Royal Horticultural Society,Woodland Trust,,A,SjxPL1651164250211.jpg,,,1,177862,0,,1,1
